seller_id,seller_name,seller_country,seller_city,main_top_category,plan_code,is_active,onboarded_at,updated_at
S0001,Windrow Market,IT,Milan,SPORT,BASIC,true,2022-03-03,2022-03-03 09:00:00
S0002,Delvia Distribution,DE,Berlin,BEAU,BASIC,true,2025-09-07,2025-09-07 09:00:00
S0003,Granit Shop,BE,Liège,FASH,BASIC,true,2024-06-09,2024-06-09 09:00:00
S0004,Rivage Group,FR,Nantes,BOOK,BASIC,true,2023-10-01,2023-10-01 09:00:00
S0005,Meridian Distribution,FR,Marseille,KIDS,PLUS,true,2024-04-13,2024-04-13 09:00:00
S0006,Meridian Shop,BE,Bruxelles,HOME,BASIC,true,2024-09-29,2024-09-29 09:00:00
S0007,Rivage Store,FR,Nantes,AUTO,PLUS,true,2024-03-17,2024-03-17 09:00:00
S0008,Orbit Market,ES,Valence,HOME,PLUS,true,2023-05-05,2023-05-05 09:00:00
S0009,Terra Store,ES,Barcelone,HOME,PREMIUM,true,2023-04-18,2023-04-18 09:00:00
S0010,Windrow Store,NL,Amsterdam,KIDS,BASIC,true,2024-07-22,2026-06-05 08:15:00
S0011,Ember Shop,DE,Munich,FASH,BASIC,true,2021-04-19,2021-04-19 09:00:00
S0012,Bexon Distribution,ES,Valence,SPORT,BASIC,true,2024-11-30,2024-11-30 09:00:00
S0013,Juniper Group,ES,Valence,TECH,BASIC,true,2022-10-06,2022-10-06 09:00:00
S0014,Alvora Distribution,FR,Lyon,BOOK,BASIC,true,2021-01-23,2021-01-23 09:00:00
S0015,Granit Group,NL,Amsterdam,BEAU,BASIC,true,2024-12-26,2024-12-26 09:00:00
S0016,Solstice Shop,BE,Liège,BOOK,BASIC,false,2021-09-06,2021-09-06 09:00:00
S0017,Halcyon Shop,IT,Rome,AUTO,BASIC,true,2023-04-16,2023-04-16 09:00:00
S0018,Kestrel Market,FR,Lyon,HOME,PLUS,true,2024-09-14,2024-09-14 09:00:00
S0019,Pallas Shop,FR,Bordeaux,BOOK,PLUS,true,2024-12-05,2024-12-05 09:00:00
S0020,Quartz Market,IT,Rome,BOOK,PREMIUM,true,2024-06-27,2024-06-27 09:00:00
S0021,Ember Store,FR,Lyon,SPORT,BASIC,true,2021-02-07,2021-02-07 09:00:00
S0022,Windrow Store,FR,Lille,BEAU,BASIC,true,2023-01-15,2026-06-05 08:15:00
S0023,Ember Group,FR,Nantes,AUTO,BASIC,true,2023-12-17,2023-12-17 09:00:00
S0024,Ivory Market,DE,Berlin,FASH,BASIC,true,2024-12-24,2024-12-24 09:00:00
S0025,Granit Store,FR,Lille,HOME,BASIC,true,2021-04-09,2021-04-09 09:00:00
S0026,Meridian Shop,DE,Hambourg,BOOK,BASIC,true,2022-12-05,2022-12-05 09:00:00
S0027,Solstice Shop,FR,Bordeaux,BEAU,BASIC,true,2024-09-07,2024-09-07 09:00:00
S0028,Ivory Shop,ES,Madrid,FASH,PLUS,true,2023-05-28,2023-05-28 09:00:00
S0029,Alvora Distribution,FR,Rennes,TECH,BASIC,true,2022-06-24,2022-06-24 09:00:00
S0030,Windrow Distribution,FR,Rennes,TECH,PREMIUM,true,2023-12-18,2026-06-05 08:15:00
S0031,Fjord Distribution,BE,Bruxelles,FASH,PLUS,true,2025-09-01,2025-09-01 09:00:00
S0032,Bexon Distribution,FR,Strasbourg,BOOK,BASIC,true,2023-06-24,2023-06-24 09:00:00
S0033,Nordis Market,FR,Marseille,AUTO,BASIC,true,2023-11-24,2023-11-24 09:00:00
S0034,Cirrus Group,DE,Berlin,AUTO,BASIC,true,2021-01-20,2021-01-20 09:00:00
S0035,Fjord Distribution,FR,Rennes,TECH,BASIC,true,2023-12-15,2023-12-15 09:00:00
S0036,Ivory Distribution,IT,Milan,HOME,BASIC,true,2025-08-24,2025-08-24 09:00:00
S0037,Rivage Market,DE,Munich,SPORT,BASIC,true,2025-06-10,2025-06-10 09:00:00
S0038,Halcyon Shop,DE,Berlin,TECH,PLUS,false,2024-08-17,2024-08-17 09:00:00
S0039,Bexon Group,FR,Marseille,SPORT,PREMIUM,true,2023-08-11,2023-08-11 09:00:00
S0040,Nordis Shop,BE,Bruxelles,HOME,PREMIUM,true,2025-06-13,2025-06-13 09:00:00
S0041,Nordis Shop,IT,Milan,BEAU,BASIC,true,2023-11-24,2023-11-24 09:00:00
S0042,Solstice Distribution,BE,Liège,HOME,PLUS,true,2024-08-02,2024-08-02 09:00:00
S0043,Meridian Market,FR,Toulouse,SPORT,PREMIUM,true,2022-05-06,2026-06-05 08:15:00
S0044,Nordis Shop,FR,Lille,FASH,BASIC,true,2023-08-16,2023-08-16 09:00:00
S0045,Vertex Group,FR,Marseille,TECH,PLUS,true,2024-02-08,2024-02-08 09:00:00
S0046,Bexon Shop,FR,Marseille,AUTO,BASIC,true,2023-06-22,2023-06-22 09:00:00
S0047,Terra Market,FR,Bordeaux,BEAU,BASIC,true,2025-06-28,2025-06-28 09:00:00
S0048,Ivory Store,FR,Lyon,TECH,BASIC,true,2022-03-21,2022-03-21 09:00:00
S0049,Rivage Store,FR,Bordeaux,BEAU,BASIC,true,2023-03-11,2023-03-11 09:00:00
S0050,Juniper Store,ES,Barcelone,SPORT,BASIC,true,2024-07-03,2024-07-03 09:00:00
S0051,Juniper Shop,IT,Milan,SPORT,BASIC,false,2023-09-02,2023-09-02 09:00:00
S0052,Quartz Group,ES,Valence,BEAU,PLUS,true,2023-08-03,2023-08-03 09:00:00
S0053,Granit Shop,NL,Amsterdam,BOOK,BASIC,true,2024-08-17,2024-08-17 09:00:00
S0054,Granit Shop,DE,Berlin,BOOK,PLUS,true,2022-02-12,2022-02-12 09:00:00
S0055,Fjord Group,FR,Toulouse,AUTO,BASIC,true,2025-08-15,2025-08-15 09:00:00
S0056,Delvia Store,FR,Nantes,TECH,BASIC,true,2022-06-30,2022-06-30 09:00:00
S0057,Lumen Distribution,DE,Berlin,SPORT,BASIC,true,2021-01-27,2021-01-27 09:00:00
S0058,Lumen Shop,ES,Madrid,FASH,BASIC,true,2023-12-03,2023-12-03 09:00:00
S0059,Ember Group,ES,Madrid,FASH,BASIC,true,2023-02-03,2023-02-03 09:00:00
S0060,Bexon Store,ES,Barcelone,BOOK,PLUS,true,2023-08-04,2023-08-04 09:00:00
S0061,Rivage Distribution,BE,Anvers,HOME,PLUS,true,2023-04-29,2023-04-29 09:00:00
S0062,Kestrel Group,DE,Munich,BEAU,BASIC,true,2021-11-20,2021-11-20 09:00:00
S0063,Delvia Distribution,FR,Bordeaux,BOOK,PLUS,true,2023-03-01,2023-03-01 09:00:00
S0064,Lumen Market,IT,Milan,FASH,BASIC,true,2023-07-22,2023-07-22 09:00:00
S0065,Granit Shop,ES,Barcelone,TECH,PREMIUM,true,2024-08-08,2024-08-08 09:00:00
S0066,Zephyr Group,ES,Valence,TECH,BASIC,true,2021-07-28,2021-07-28 09:00:00
S0067,Alvora Store,FR,Marseille,SPORT,BASIC,true,2022-08-18,2022-08-18 09:00:00
S0068,Ivory Store,NL,Amsterdam,FASH,BASIC,true,2021-12-03,2021-12-03 09:00:00
S0069,Windrow Store,FR,Rennes,HOME,BASIC,true,2021-07-21,2021-07-21 09:00:00
S0070,Ursa Market,BE,Liège,FASH,PLUS,true,2023-03-16,2026-06-05 08:15:00
S0071,Windrow Distribution,BE,Bruxelles,TECH,BASIC,true,2024-02-11,2024-02-11 09:00:00
S0072,Pallas Shop,NL,Amsterdam,AUTO,PLUS,true,2025-03-27,2025-03-27 09:00:00
S0073,Granit Group,FR,Strasbourg,BOOK,BASIC,true,2024-12-10,2024-12-10 09:00:00
S0074,Zephyr Shop,BE,Bruxelles,FASH,PLUS,true,2023-04-05,2023-04-05 09:00:00
S0075,Quartz Market,BE,Bruxelles,KIDS,BASIC,true,2023-08-20,2023-08-20 09:00:00
S0076,Ursa Distribution,DE,Berlin,BEAU,PREMIUM,true,2023-03-14,2023-03-14 09:00:00
S0077,Meridian Market,ES,Valence,BEAU,BASIC,true,2021-10-20,2021-10-20 09:00:00
S0078,Meridian Shop,ES,Madrid,KIDS,BASIC,true,2023-09-29,2023-09-29 09:00:00
S0079,Terra Group,FR,Lyon,SPORT,PLUS,true,2025-02-09,2026-06-05 08:15:00
S0080,Alvora Distribution,IT,Rome,FASH,PREMIUM,true,2022-06-07,2026-06-05 08:15:00
S0081,Meridian Store,FR,Rennes,SPORT,BASIC,true,2022-11-21,2022-11-21 09:00:00
S0082,Meridian Group,IT,Milan,KIDS,BASIC,true,2022-04-11,2022-04-11 09:00:00
S0083,Kestrel Market,FR,Lyon,HOME,BASIC,true,2021-10-14,2021-10-14 09:00:00
S0084,Cirrus Group,BE,Liège,KIDS,BASIC,false,2024-12-29,2026-06-05 08:15:00
S0085,Terra Market,ES,Valence,AUTO,PLUS,true,2024-06-19,2026-06-05 08:15:00
S0086,Ursa Store,DE,Hambourg,SPORT,BASIC,true,2021-05-07,2021-05-07 09:00:00
S0087,Lumen Market,IT,Milan,BOOK,PLUS,false,2021-01-22,2021-01-22 09:00:00
S0088,Cirrus Market,IT,Rome,SPORT,BASIC,true,2025-10-03,2025-10-03 09:00:00
S0089,Lumen Store,ES,Barcelone,HOME,BASIC,true,2025-10-03,2025-10-03 09:00:00
S0090,Bexon Shop,NL,Amsterdam,AUTO,PLUS,true,2023-12-12,2023-12-12 09:00:00
S0091,Ember Shop,BE,Bruxelles,TECH,PREMIUM,true,2022-04-04,2022-04-04 09:00:00
S0092,Halcyon Shop,ES,Valence,HOME,PREMIUM,true,2025-10-10,2025-10-10 09:00:00
S0093,Pallas Market,BE,Anvers,HOME,BASIC,true,2022-05-02,2022-05-02 09:00:00
S0094,Delvia Store,BE,Bruxelles,BEAU,BASIC,true,2024-04-12,2024-04-12 09:00:00
S0095,Ember Distribution,FR,Lille,SPORT,BASIC,true,2024-08-15,2024-08-15 09:00:00
S0096,Nordis Store,FR,Rennes,BOOK,PLUS,true,2024-01-13,2024-01-13 09:00:00
S0097,Halcyon Distribution,FR,Bordeaux,SPORT,BASIC,true,2022-01-28,2022-01-28 09:00:00
S0098,Juniper Shop,NL,Amsterdam,BOOK,PLUS,true,2023-01-04,2023-01-04 09:00:00
S0099,Alvora Market,ES,Madrid,AUTO,PLUS,true,2025-07-05,2025-07-05 09:00:00
S0100,Orbit Shop,FR,Toulouse,BEAU,PLUS,true,2023-05-23,2023-05-23 09:00:00
S0101,Ursa Shop,BE,Anvers,BEAU,PREMIUM,true,2023-02-22,2026-06-05 08:15:00
S0102,Zephyr Market,FR,Paris,AUTO,BASIC,true,2021-09-06,2021-09-06 09:00:00
S0103,Ursa Group,FR,Lille,BEAU,BASIC,true,2023-10-12,2023-10-12 09:00:00
S0104,Ursa Market,BE,Liège,BOOK,PREMIUM,true,2024-03-23,2024-03-23 09:00:00
S0105,Rivage Store,BE,Bruxelles,BEAU,PLUS,true,2024-09-01,2024-09-01 09:00:00
S0106,Bexon Market,ES,Barcelone,AUTO,PLUS,false,2023-02-14,2023-02-14 09:00:00
S0107,Zephyr Shop,FR,Lyon,FASH,BASIC,true,2023-05-06,2023-05-06 09:00:00
S0108,Ursa Group,NL,Amsterdam,BEAU,BASIC,true,2025-02-16,2025-02-16 09:00:00
S0109,Nordis Group,IT,Rome,SPORT,PLUS,true,2024-06-18,2024-06-18 09:00:00
S0110,Bexon Distribution,IT,Milan,BOOK,BASIC,true,2025-05-08,2025-05-08 09:00:00
S0111,Terra Distribution,IT,Milan,AUTO,BASIC,true,2022-12-23,2022-12-23 09:00:00
S0112,Kestrel Group,BE,Anvers,TECH,BASIC,true,2022-05-06,2022-05-06 09:00:00
S0113,Orbit Distribution,FR,Nantes,BEAU,BASIC,true,2025-05-23,2025-05-23 09:00:00
S0114,Fjord Distribution,FR,Rennes,HOME,BASIC,true,2023-05-19,2023-05-19 09:00:00
S0115,Rivage Market,FR,Lille,HOME,PLUS,true,2022-03-08,2022-03-08 09:00:00
S0116,Halcyon Shop,DE,Berlin,BOOK,PLUS,true,2023-02-06,2026-06-05 08:15:00
S0117,Terra Distribution,NL,Amsterdam,TECH,BASIC,true,2024-06-05,2024-06-05 09:00:00
S0118,Granit Distribution,NL,Amsterdam,HOME,BASIC,true,2023-12-23,2023-12-23 09:00:00
S0119,Meridian Group,FR,Rennes,SPORT,BASIC,true,2023-12-06,2023-12-06 09:00:00
S0120,Pallas Group,ES,Barcelone,SPORT,PREMIUM,false,2024-07-13,2024-07-13 09:00:00
S0121,Rivage Shop,FR,Marseille,TECH,PLUS,true,2024-04-10,2024-04-10 09:00:00
S0122,Fjord Distribution,ES,Barcelone,BEAU,BASIC,true,2022-05-14,2026-06-05 08:15:00
S0123,Fjord Group,DE,Berlin,AUTO,BASIC,true,2021-09-29,2021-09-29 09:00:00
S0124,Fjord Distribution,ES,Valence,FASH,BASIC,true,2023-01-24,2023-01-24 09:00:00
S0125,Bexon Market,IT,Rome,SPORT,BASIC,true,2021-10-10,2021-10-10 09:00:00
S0126,Alvora Shop,NL,Amsterdam,BEAU,BASIC,false,2025-06-18,2025-06-18 09:00:00
S0127,Ursa Shop,ES,Madrid,HOME,BASIC,true,2025-04-11,2025-04-11 09:00:00
S0128,Lumen Store,ES,Madrid,BOOK,BASIC,true,2024-05-27,2024-05-27 09:00:00
S0129,Ursa Shop,FR,Lyon,KIDS,PREMIUM,true,2021-05-16,2021-05-16 09:00:00
S0130,Fjord Market,FR,Rennes,FASH,BASIC,true,2022-07-13,2022-07-13 09:00:00
S0131,Lumen Market,IT,Rome,AUTO,PLUS,true,2021-05-10,2021-05-10 09:00:00
S0132,Zephyr Store,DE,Hambourg,BEAU,PLUS,true,2023-10-16,2026-06-05 08:15:00
S0133,Pallas Market,BE,Bruxelles,AUTO,BASIC,true,2023-06-13,2023-06-13 09:00:00
S0134,Delvia Shop,BE,Bruxelles,KIDS,PLUS,true,2022-01-03,2022-01-03 09:00:00
S0135,Pallas Shop,ES,Barcelone,BEAU,BASIC,true,2022-09-16,2022-09-16 09:00:00
S0136,Ursa Market,BE,Bruxelles,BEAU,BASIC,true,2024-06-14,2024-06-14 09:00:00
S0137,Zephyr Shop,IT,Rome,BOOK,PLUS,true,2022-10-16,2022-10-16 09:00:00
S0138,Bexon Group,BE,Anvers,FASH,BASIC,true,2023-02-13,2023-02-13 09:00:00
S0139,Ember Group,ES,Valence,BOOK,PREMIUM,true,2023-03-05,2026-06-05 08:15:00
S0140,Delvia Market,DE,Hambourg,TECH,BASIC,true,2021-03-08,2021-03-08 09:00:00
S0141,Ivory Group,BE,Liège,BOOK,BASIC,true,2021-12-09,2021-12-09 09:00:00
S0142,Vertex Shop,FR,Nantes,TECH,BASIC,true,2022-12-17,2022-12-17 09:00:00
S0143,Lumen Store,BE,Anvers,TECH,BASIC,true,2025-08-11,2025-08-11 09:00:00
S0144,Ember Shop,FR,Lille,HOME,BASIC,true,2021-04-30,2021-04-30 09:00:00
S0145,Ember Store,DE,Hambourg,BEAU,PLUS,true,2024-05-04,2024-05-04 09:00:00
S0146,Terra Store,ES,Valence,BOOK,PLUS,true,2023-01-22,2023-01-22 09:00:00
S0147,Ivory Group,ES,Valence,TECH,PLUS,true,2024-07-08,2024-07-08 09:00:00
S0148,Ivory Market,FR,Marseille,HOME,BASIC,true,2023-02-12,2023-02-12 09:00:00
S0149,Ursa Store,NL,Amsterdam,KIDS,PLUS,true,2021-01-14,2026-06-05 08:15:00
S0150,Fjord Store,ES,Madrid,TECH,BASIC,false,2021-10-15,2021-10-15 09:00:00
S0151,Quartz Store,DE,Hambourg,KIDS,PLUS,true,2023-06-13,2023-06-13 09:00:00
S0152,Fjord Group,FR,Lille,KIDS,PREMIUM,true,2024-03-19,2026-06-05 08:15:00
S0153,Halcyon Store,DE,Hambourg,FASH,PLUS,true,2023-10-12,2023-10-12 09:00:00
S0154,Cirrus Distribution,BE,Anvers,BOOK,BASIC,true,2023-07-05,2023-07-05 09:00:00
S0155,Orbit Market,DE,Berlin,AUTO,PLUS,true,2024-12-17,2024-12-17 09:00:00
S0156,Ivory Group,FR,Toulouse,SPORT,PREMIUM,true,2021-04-03,2021-04-03 09:00:00
S0157,Lumen Distribution,DE,Hambourg,SPORT,BASIC,true,2023-11-27,2023-11-27 09:00:00
S0158,Pallas Shop,DE,Berlin,HOME,BASIC,true,2022-09-20,2022-09-20 09:00:00
S0159,Lumen Market,FR,Lille,FASH,PLUS,false,2021-01-21,2026-06-05 08:15:00
S0160,Ursa Group,FR,Toulouse,BOOK,BASIC,true,2025-02-27,2025-02-27 09:00:00
S0161,Ember Distribution,DE,Berlin,HOME,PLUS,true,2025-05-23,2025-05-23 09:00:00
S0162,Orbit Shop,IT,Milan,HOME,BASIC,true,2025-08-08,2025-08-08 09:00:00
S0163,Cirrus Shop,FR,Nantes,BEAU,BASIC,true,2021-08-31,2021-08-31 09:00:00
S0164,Meridian Store,FR,Strasbourg,FASH,PLUS,true,2025-08-14,2025-08-14 09:00:00
S0165,Fjord Market,DE,Berlin,BEAU,BASIC,true,2021-08-29,2021-08-29 09:00:00
S0166,Terra Market,FR,Strasbourg,AUTO,BASIC,true,2024-03-14,2024-03-14 09:00:00
S0167,Alvora Market,FR,Nantes,AUTO,PLUS,true,2021-01-07,2021-01-07 09:00:00
S0168,Bexon Store,FR,Paris,HOME,BASIC,true,2025-01-26,2025-01-26 09:00:00
S0169,Alvora Distribution,FR,Lyon,SPORT,BASIC,true,2022-01-26,2022-01-26 09:00:00
S0170,Rivage Market,FR,Strasbourg,FASH,BASIC,true,2022-11-30,2022-11-30 09:00:00
S0171,Solstice Group,ES,Barcelone,TECH,BASIC,true,2025-09-16,2025-09-16 09:00:00
S0172,Orbit Market,FR,Bordeaux,AUTO,BASIC,true,2022-12-20,2022-12-20 09:00:00
S0173,Terra Group,FR,Lille,HOME,BASIC,true,2024-09-07,2024-09-07 09:00:00
S0174,Ivory Shop,FR,Marseille,BOOK,BASIC,true,2022-11-06,2022-11-06 09:00:00
S0175,Delvia Group,FR,Bordeaux,AUTO,BASIC,true,2022-08-19,2022-08-19 09:00:00
S0176,Meridian Shop,FR,Strasbourg,BEAU,PLUS,true,2025-03-03,2025-03-03 09:00:00
S0177,Lumen Distribution,FR,Toulouse,BOOK,PLUS,true,2025-08-22,2025-08-22 09:00:00
S0178,Pallas Shop,FR,Lille,HOME,PREMIUM,true,2024-08-27,2024-08-27 09:00:00
S0179,Fjord Shop,DE,Berlin,FASH,BASIC,true,2024-01-10,2024-01-10 09:00:00
S0180,Solstice Store,BE,Bruxelles,KIDS,BASIC,true,2025-04-25,2025-04-25 09:00:00
S0181,Meridian Shop,FR,Toulouse,AUTO,BASIC,true,2023-09-05,2023-09-05 09:00:00
S0182,Ursa Shop,FR,Marseille,FASH,BASIC,false,2025-04-17,2025-04-17 09:00:00
S0183,Ember Shop,BE,Bruxelles,BOOK,PLUS,true,2021-12-13,2021-12-13 09:00:00
S0184,Zephyr Distribution,DE,Hambourg,SPORT,PREMIUM,true,2025-05-22,2025-05-22 09:00:00
S0185,Pallas Store,FR,Nantes,SPORT,PREMIUM,true,2022-12-25,2022-12-25 09:00:00
S0186,Juniper Store,NL,Amsterdam,SPORT,PLUS,true,2024-08-02,2024-08-02 09:00:00
S0187,Nordis Store,DE,Hambourg,SPORT,BASIC,true,2023-07-05,2023-07-05 09:00:00
S0188,Meridian Store,DE,Munich,TECH,PLUS,true,2023-10-06,2023-10-06 09:00:00
S0189,Halcyon Store,FR,Lyon,HOME,PLUS,true,2024-02-17,2024-02-17 09:00:00
S0190,Solstice Shop,DE,Berlin,HOME,PREMIUM,true,2022-05-24,2022-05-24 09:00:00
S0191,Juniper Market,ES,Madrid,KIDS,PREMIUM,true,2024-03-02,2024-03-02 09:00:00
S0192,Lumen Market,BE,Bruxelles,SPORT,BASIC,false,2025-08-17,2025-08-17 09:00:00
S0193,Halcyon Market,IT,Milan,BEAU,PLUS,true,2024-09-02,2024-09-02 09:00:00
S0194,Pallas Market,DE,Berlin,BEAU,BASIC,true,2022-01-13,2022-01-13 09:00:00
S0195,Meridian Market,ES,Madrid,BEAU,BASIC,true,2025-09-13,2025-09-13 09:00:00
S0196,Pallas Market,FR,Nantes,HOME,PREMIUM,true,2021-04-04,2021-04-04 09:00:00
S0197,Orbit Group,FR,Nantes,FASH,PLUS,true,2025-02-18,2025-02-18 09:00:00
S0198,Terra Store,FR,Toulouse,AUTO,PLUS,true,2021-08-17,2021-08-17 09:00:00
S0199,Terra Distribution,FR,Nantes,HOME,BASIC,true,2023-10-22,2023-10-22 09:00:00
S0200,Vertex Group,DE,Munich,BEAU,BASIC,false,2021-09-04,2021-09-04 09:00:00
S0201,Ivory Store,FR,Rennes,KIDS,PLUS,true,2025-02-21,2026-06-05 08:15:00
S0202,Quartz Group,FR,Toulouse,BEAU,BASIC,true,2024-05-03,2024-05-03 09:00:00
S0203,Ivory Market,FR,Rennes,BOOK,BASIC,true,2024-02-16,2024-02-16 09:00:00
S0204,Vertex Shop,BE,Liège,AUTO,BASIC,true,2024-12-23,2024-12-23 09:00:00
S0205,Vertex Distribution,FR,Rennes,KIDS,PLUS,true,2022-08-26,2022-08-26 09:00:00
S0206,Halcyon Distribution,IT,Milan,KIDS,BASIC,true,2024-05-09,2024-05-09 09:00:00
S0207,Zephyr Shop,ES,Barcelone,BOOK,PREMIUM,true,2024-08-03,2024-08-03 09:00:00
S0208,Fjord Group,IT,Milan,SPORT,PLUS,true,2025-01-03,2025-01-03 09:00:00
S0209,Terra Distribution,FR,Paris,BOOK,BASIC,true,2023-04-11,2026-06-05 08:15:00
S0210,Windrow Market,DE,Hambourg,AUTO,PREMIUM,true,2023-11-24,2023-11-24 09:00:00
S0211,Quartz Market,DE,Hambourg,BOOK,PLUS,false,2022-04-05,2022-04-05 09:00:00
S0212,Meridian Group,ES,Barcelone,FASH,BASIC,true,2025-05-30,2025-05-30 09:00:00
S0213,Rivage Group,FR,Strasbourg,KIDS,PREMIUM,true,2023-09-12,2023-09-12 09:00:00
S0214,Ursa Store,ES,Madrid,BEAU,BASIC,true,2025-03-12,2025-03-12 09:00:00
S0215,Juniper Shop,FR,Paris,KIDS,PLUS,true,2023-09-09,2023-09-09 09:00:00
S0216,Halcyon Group,DE,Berlin,AUTO,PREMIUM,true,2024-04-03,2024-04-03 09:00:00
S0217,Solstice Group,ES,Barcelone,BEAU,PLUS,true,2023-02-12,2023-02-12 09:00:00
S0218,Bexon Group,FR,Rennes,TECH,BASIC,true,2021-04-08,2021-04-08 09:00:00
S0219,Orbit Group,BE,Anvers,BEAU,PLUS,true,2024-08-21,2024-08-21 09:00:00
S0220,Terra Store,BE,Bruxelles,SPORT,BASIC,true,2021-09-24,2021-09-24 09:00:00
S0221,Granit Group,FR,Nantes,HOME,BASIC,true,2025-01-26,2025-01-26 09:00:00
S0222,Ivory Market,FR,Paris,TECH,BASIC,true,2023-11-14,2023-11-14 09:00:00
S0223,Ivory Market,ES,Valence,BOOK,PREMIUM,true,2021-12-04,2021-12-04 09:00:00
S0224,Solstice Store,FR,Lille,AUTO,BASIC,true,2024-04-24,2024-04-24 09:00:00
S0225,Rivage Store,BE,Anvers,BOOK,PREMIUM,true,2022-11-12,2022-11-12 09:00:00
S0226,Nordis Distribution,FR,Toulouse,SPORT,PLUS,true,2022-04-01,2022-04-01 09:00:00
S0227,Zephyr Shop,DE,Berlin,BOOK,BASIC,true,2024-05-13,2024-05-13 09:00:00
S0228,Pallas Shop,IT,Milan,FASH,PLUS,true,2024-12-21,2024-12-21 09:00:00
S0229,Terra Distribution,FR,Bordeaux,AUTO,BASIC,true,2023-09-26,2023-09-26 09:00:00
S0230,Terra Group,FR,Lyon,TECH,BASIC,true,2024-01-26,2024-01-26 09:00:00
S0231,Delvia Group,FR,Bordeaux,TECH,PLUS,true,2021-02-09,2021-02-09 09:00:00
S0232,Meridian Distribution,FR,Paris,TECH,BASIC,true,2023-07-15,2023-07-15 09:00:00
S0233,Bexon Market,FR,Toulouse,SPORT,PREMIUM,true,2025-07-14,2025-07-14 09:00:00
S0234,Lumen Group,ES,Barcelone,FASH,BASIC,true,2023-07-17,2023-07-17 09:00:00
S0235,Bexon Group,BE,Bruxelles,BEAU,BASIC,true,2022-07-12,2022-07-12 09:00:00
S0236,Quartz Group,BE,Anvers,BEAU,PLUS,true,2025-10-06,2025-10-06 09:00:00
S0237,Juniper Market,DE,Hambourg,FASH,BASIC,true,2023-06-02,2023-06-02 09:00:00
S0238,Delvia Group,FR,Marseille,AUTO,BASIC,true,2024-09-09,2024-09-09 09:00:00
S0239,Ursa Group,BE,Bruxelles,HOME,BASIC,true,2023-08-18,2023-08-18 09:00:00
S0240,Rivage Distribution,ES,Valence,AUTO,PREMIUM,true,2024-01-16,2024-01-16 09:00:00
S0241,Quartz Group,FR,Bordeaux,AUTO,BASIC,true,2024-10-30,2024-10-30 09:00:00
S0242,Quartz Group,ES,Barcelone,AUTO,BASIC,true,2022-09-19,2022-09-19 09:00:00
S0243,Rivage Distribution,BE,Bruxelles,FASH,BASIC,true,2024-12-25,2024-12-25 09:00:00
S0244,Quartz Distribution,FR,Nantes,KIDS,BASIC,true,2022-02-20,2022-02-20 09:00:00
S0245,Alvora Market,FR,Paris,HOME,BASIC,true,2021-04-07,2021-04-07 09:00:00
S0246,Ember Distribution,ES,Barcelone,FASH,BASIC,true,2021-01-29,2021-01-29 09:00:00
S0247,Ursa Shop,FR,Paris,HOME,PREMIUM,true,2024-05-30,2024-05-30 09:00:00
S0248,Granit Store,FR,Marseille,TECH,BASIC,true,2022-07-21,2022-07-21 09:00:00
S0249,Vertex Market,DE,Berlin,TECH,PLUS,true,2021-09-23,2021-09-23 09:00:00
S0250,Lumen Group,FR,Marseille,FASH,PREMIUM,false,2024-11-22,2024-11-22 09:00:00
S0251,Quartz Group,IT,Rome,HOME,PLUS,true,2023-08-10,2023-08-10 09:00:00
S0252,Orbit Shop,FR,Nantes,SPORT,PLUS,true,2023-05-16,2023-05-16 09:00:00
S0253,Bexon Distribution,IT,Milan,BEAU,BASIC,true,2022-11-10,2022-11-10 09:00:00
S0254,Cirrus Group,FR,Paris,SPORT,BASIC,true,2021-06-15,2021-06-15 09:00:00
S0255,Quartz Shop,NL,Amsterdam,TECH,BASIC,true,2024-06-10,2024-06-10 09:00:00
S0256,Windrow Store,FR,Strasbourg,SPORT,PLUS,true,2021-12-24,2021-12-24 09:00:00
S0257,Ivory Market,FR,Nantes,KIDS,PLUS,true,2023-07-15,2023-07-15 09:00:00
S0258,Granit Shop,FR,Paris,FASH,PREMIUM,true,2024-02-11,2024-02-11 09:00:00
S0259,Rivage Group,DE,Hambourg,TECH,BASIC,true,2024-11-18,2024-11-18 09:00:00
S0260,Alvora Group,ES,Valence,KIDS,BASIC,true,2023-06-22,2023-06-22 09:00:00
S0261,Kestrel Distribution,DE,Munich,AUTO,PLUS,true,2022-08-15,2022-08-15 09:00:00
S0262,Granit Group,FR,Lyon,BOOK,BASIC,true,2022-04-22,2022-04-22 09:00:00
S0263,Rivage Group,BE,Anvers,SPORT,BASIC,true,2024-01-06,2024-01-06 09:00:00
S0264,Kestrel Distribution,FR,Toulouse,KIDS,PLUS,true,2023-08-24,2023-08-24 09:00:00
S0265,Juniper Group,FR,Nantes,HOME,PLUS,true,2024-07-18,2026-06-05 08:15:00
S0266,Lumen Market,IT,Milan,BEAU,PLUS,true,2022-01-26,2022-01-26 09:00:00
S0267,Windrow Shop,FR,Marseille,BOOK,BASIC,true,2021-06-13,2021-06-13 09:00:00
S0268,Alvora Shop,FR,Marseille,AUTO,PLUS,true,2024-06-30,2026-06-05 08:15:00
S0269,Kestrel Shop,DE,Hambourg,KIDS,BASIC,true,2024-03-13,2024-03-13 09:00:00
S0270,Bexon Group,FR,Lille,BOOK,PREMIUM,true,2023-12-17,2023-12-17 09:00:00
S0271,Bexon Shop,IT,Rome,BEAU,PREMIUM,true,2025-08-08,2025-08-08 09:00:00
S0272,Juniper Distribution,IT,Milan,FASH,PLUS,true,2021-09-27,2021-09-27 09:00:00
S0273,Terra Shop,DE,Hambourg,BEAU,BASIC,true,2021-10-13,2021-10-13 09:00:00
S0274,Kestrel Shop,BE,Liège,KIDS,BASIC,true,2022-01-22,2022-01-22 09:00:00
S0275,Delvia Distribution,FR,Lille,AUTO,PREMIUM,true,2023-03-19,2023-03-19 09:00:00
S0276,Meridian Market,IT,Rome,TECH,PLUS,true,2025-05-29,2025-05-29 09:00:00
S0277,Cirrus Group,FR,Bordeaux,HOME,BASIC,true,2024-07-16,2024-07-16 09:00:00
S0278,Meridian Store,FR,Strasbourg,HOME,PREMIUM,true,2023-11-16,2023-11-16 09:00:00
S0279,Granit Market,ES,Barcelone,HOME,BASIC,true,2022-11-16,2022-11-16 09:00:00
S0280,Windrow Shop,BE,Anvers,KIDS,BASIC,true,2025-03-14,2025-03-14 09:00:00
S0281,Terra Store,NL,Amsterdam,HOME,PLUS,true,2024-10-09,2024-10-09 09:00:00
S0282,Terra Market,NL,Amsterdam,FASH,BASIC,true,2021-03-09,2021-03-09 09:00:00
S0283,Delvia Store,BE,Bruxelles,HOME,BASIC,true,2021-05-09,2021-05-09 09:00:00
S0284,Alvora Store,BE,Bruxelles,AUTO,BASIC,true,2022-03-26,2022-03-26 09:00:00
S0285,Kestrel Distribution,DE,Berlin,TECH,BASIC,true,2023-10-19,2023-10-19 09:00:00
S0286,Ursa Market,DE,Hambourg,AUTO,PREMIUM,true,2022-11-03,2022-11-03 09:00:00
S0287,Juniper Store,ES,Valence,SPORT,BASIC,true,2025-07-15,2025-07-15 09:00:00
S0288,Quartz Shop,ES,Madrid,KIDS,BASIC,true,2023-07-05,2023-07-05 09:00:00
S0289,Zephyr Group,BE,Bruxelles,KIDS,BASIC,true,2022-02-07,2022-02-07 09:00:00
S0290,Pallas Store,FR,Marseille,BOOK,BASIC,true,2024-02-01,2024-02-01 09:00:00
S0291,Bexon Store,NL,Amsterdam,FASH,BASIC,true,2023-11-06,2023-11-06 09:00:00
S0292,Bexon Market,FR,Lille,TECH,BASIC,true,2022-08-14,2022-08-14 09:00:00
S0293,Fjord Group,ES,Valence,AUTO,BASIC,true,2024-05-29,2024-05-29 09:00:00
S0294,Bexon Store,FR,Bordeaux,BEAU,PLUS,true,2023-06-15,2023-06-15 09:00:00
S0295,Solstice Market,DE,Hambourg,SPORT,PLUS,true,2024-06-17,2024-06-17 09:00:00
S0296,Orbit Group,BE,Bruxelles,BEAU,PLUS,true,2024-07-06,2024-07-06 09:00:00
S0297,Orbit Group,FR,Nantes,SPORT,BASIC,true,2023-06-21,2023-06-21 09:00:00
S0298,Vertex Shop,FR,Paris,BOOK,BASIC,true,2023-09-24,2023-09-24 09:00:00
S0299,Orbit Group,FR,Marseille,SPORT,BASIC,true,2024-06-13,2024-06-13 09:00:00
S0300,Nordis Distribution,FR,Strasbourg,BEAU,PLUS,true,2021-06-23,2021-06-23 09:00:00
S0301,Fjord Store,IT,Rome,FASH,BASIC,true,2024-06-07,2024-06-07 09:00:00
S0302,Halcyon Market,DE,Munich,HOME,BASIC,true,2022-07-11,2022-07-11 09:00:00
S0303,Bexon Group,IT,Milan,KIDS,BASIC,true,2022-02-10,2022-02-10 09:00:00
S0304,Juniper Market,DE,Berlin,BOOK,BASIC,true,2021-05-23,2021-05-23 09:00:00
S0305,Lumen Store,BE,Anvers,AUTO,PREMIUM,true,2021-06-16,2021-06-16 09:00:00
S0306,Alvora Store,FR,Nantes,HOME,PLUS,true,2025-09-07,2025-09-07 09:00:00
S0307,Rivage Group,FR,Rennes,BOOK,BASIC,true,2022-11-06,2022-11-06 09:00:00
S0308,Granit Shop,BE,Anvers,SPORT,BASIC,true,2022-07-02,2022-07-02 09:00:00
S0309,Solstice Market,DE,Munich,BOOK,BASIC,true,2023-04-29,2023-04-29 09:00:00
S0310,Bexon Store,IT,Rome,TECH,PLUS,true,2021-11-30,2021-11-30 09:00:00
S0311,Halcyon Distribution,NL,Amsterdam,BOOK,PREMIUM,true,2023-12-07,2023-12-07 09:00:00
S0312,Lumen Shop,FR,Rennes,TECH,BASIC,false,2021-05-01,2021-05-01 09:00:00
S0313,Terra Distribution,IT,Rome,BOOK,BASIC,true,2024-02-25,2024-02-25 09:00:00
S0314,Juniper Group,FR,Paris,AUTO,PLUS,true,2023-03-13,2023-03-13 09:00:00
S0315,Lumen Market,IT,Milan,FASH,BASIC,true,2021-01-27,2021-01-27 09:00:00
S0316,Ivory Market,FR,Marseille,HOME,PLUS,true,2022-10-15,2022-10-15 09:00:00
S0317,Terra Distribution,IT,Rome,HOME,BASIC,true,2021-09-06,2021-09-06 09:00:00
S0318,Granit Distribution,ES,Madrid,BEAU,PLUS,true,2022-05-17,2022-05-17 09:00:00
S0319,Delvia Store,ES,Barcelone,SPORT,PREMIUM,true,2021-05-31,2021-05-31 09:00:00
S0320,Terra Distribution,FR,Rennes,BOOK,BASIC,true,2025-01-14,2025-01-14 09:00:00
S0321,Fjord Market,IT,Milan,FASH,BASIC,true,2023-10-20,2023-10-20 09:00:00
S0322,Orbit Shop,FR,Toulouse,BOOK,PLUS,true,2023-02-12,2023-02-12 09:00:00
S0323,Lumen Market,IT,Rome,BEAU,BASIC,true,2023-02-15,2023-02-15 09:00:00
S0324,Zephyr Market,ES,Barcelone,BOOK,BASIC,false,2025-03-01,2025-03-01 09:00:00
S0325,Juniper Shop,FR,Toulouse,BOOK,BASIC,true,2023-12-19,2023-12-19 09:00:00
S0326,Solstice Market,FR,Nantes,BOOK,PLUS,true,2022-11-11,2022-11-11 09:00:00
S0327,Alvora Shop,BE,Bruxelles,BEAU,BASIC,true,2023-06-17,2023-06-17 09:00:00
S0328,Halcyon Group,FR,Lyon,KIDS,PLUS,true,2023-07-05,2023-07-05 09:00:00
S0329,Bexon Distribution,DE,Hambourg,TECH,PLUS,true,2023-07-01,2023-07-01 09:00:00
S0330,Nordis Distribution,FR,Lille,SPORT,PREMIUM,true,2024-10-15,2024-10-15 09:00:00
S0331,Fjord Shop,FR,Paris,SPORT,PLUS,true,2022-02-02,2022-02-02 09:00:00
S0332,Ember Market,FR,Lyon,AUTO,PLUS,true,2022-10-01,2022-10-01 09:00:00
S0333,Ivory Market,BE,Liège,BEAU,PREMIUM,true,2021-08-14,2021-08-14 09:00:00
S0334,Vertex Market,FR,Bordeaux,AUTO,BASIC,true,2022-12-07,2022-12-07 09:00:00
S0335,Lumen Market,FR,Bordeaux,TECH,PLUS,false,2022-03-14,2022-03-14 09:00:00
S0336,Orbit Group,NL,Amsterdam,HOME,BASIC,true,2024-01-24,2024-01-24 09:00:00
S0337,Solstice Group,FR,Toulouse,KIDS,BASIC,true,2023-08-09,2023-08-09 09:00:00
S0338,Vertex Distribution,FR,Nantes,KIDS,BASIC,true,2025-09-27,2025-09-27 09:00:00
S0339,Orbit Shop,FR,Marseille,TECH,BASIC,true,2021-05-06,2021-05-06 09:00:00
S0340,Ivory Group,FR,Toulouse,AUTO,PREMIUM,true,2022-02-01,2022-02-01 09:00:00
S0341,Lumen Store,NL,Amsterdam,AUTO,PLUS,true,2023-09-17,2023-09-17 09:00:00
S0342,Rivage Group,ES,Barcelone,FASH,BASIC,true,2021-04-24,2021-04-24 09:00:00
S0343,Alvora Market,FR,Rennes,BOOK,PLUS,true,2025-08-16,2025-08-16 09:00:00
S0344,Ivory Shop,DE,Hambourg,FASH,BASIC,true,2021-08-24,2021-08-24 09:00:00
S0345,Pallas Distribution,FR,Toulouse,BOOK,BASIC,true,2024-10-27,2024-10-27 09:00:00
S0346,Solstice Market,BE,Bruxelles,TECH,PLUS,true,2024-07-03,2026-06-05 08:15:00
S0347,Terra Group,IT,Milan,FASH,BASIC,true,2021-12-15,2021-12-15 09:00:00
S0348,Solstice Market,BE,Bruxelles,AUTO,BASIC,true,2024-02-12,2024-02-12 09:00:00
S0349,Windrow Store,FR,Strasbourg,HOME,BASIC,true,2022-07-15,2022-07-15 09:00:00
S0350,Lumen Shop,BE,Bruxelles,HOME,PLUS,true,2025-05-18,2025-05-18 09:00:00
S0351,Solstice Store,ES,Valence,SPORT,BASIC,true,2021-07-14,2021-07-14 09:00:00
S0352,Cirrus Group,FR,Strasbourg,BEAU,PREMIUM,true,2022-03-29,2026-06-05 08:15:00
S0353,Bexon Group,FR,Toulouse,AUTO,BASIC,true,2022-06-28,2022-06-28 09:00:00
S0354,Solstice Group,FR,Paris,FASH,BASIC,true,2021-06-17,2021-06-17 09:00:00
S0355,Orbit Store,BE,Bruxelles,BEAU,BASIC,true,2021-04-08,2026-06-05 08:15:00
S0356,Vertex Shop,IT,Rome,HOME,PLUS,true,2021-05-31,2021-05-31 09:00:00
S0357,Delvia Group,ES,Valence,AUTO,PLUS,true,2021-08-08,2021-08-08 09:00:00
S0358,Nordis Shop,FR,Marseille,BOOK,PLUS,true,2023-06-23,2023-06-23 09:00:00
S0359,Nordis Distribution,ES,Barcelone,BOOK,PREMIUM,true,2023-12-05,2023-12-05 09:00:00
S0360,Terra Market,IT,Rome,HOME,PLUS,true,2024-06-17,2024-06-17 09:00:00
S0361,Rivage Shop,FR,Marseille,BOOK,PREMIUM,true,2024-01-13,2024-01-13 09:00:00
S0362,Juniper Market,FR,Rennes,BOOK,BASIC,true,2021-06-21,2021-06-21 09:00:00
S0363,Ivory Store,DE,Berlin,HOME,BASIC,false,2022-08-15,2022-08-15 09:00:00
S0364,Vertex Shop,FR,Lille,BEAU,PLUS,true,2021-02-08,2021-02-08 09:00:00
S0365,Nordis Store,FR,Strasbourg,FASH,BASIC,false,2021-11-05,2021-11-05 09:00:00
S0366,Zephyr Group,FR,Lille,KIDS,BASIC,true,2023-02-09,2023-02-09 09:00:00
S0367,Juniper Shop,FR,Toulouse,TECH,PLUS,true,2025-02-02,2025-02-02 09:00:00
S0368,Granit Group,FR,Toulouse,BEAU,PREMIUM,true,2023-02-18,2023-02-18 09:00:00
S0369,Nordis Distribution,FR,Bordeaux,HOME,BASIC,true,2024-04-14,2024-04-14 09:00:00
S0370,Terra Group,IT,Milan,FASH,PLUS,true,2024-01-09,2024-01-09 09:00:00
S0371,Halcyon Store,DE,Munich,FASH,BASIC,true,2021-10-12,2021-10-12 09:00:00
S0372,Quartz Market,FR,Rennes,KIDS,PREMIUM,true,2023-01-17,2026-06-05 08:15:00
S0373,Solstice Distribution,IT,Milan,KIDS,BASIC,true,2023-08-12,2023-08-12 09:00:00
S0374,Zephyr Market,BE,Liège,SPORT,PLUS,true,2021-11-15,2021-11-15 09:00:00
S0375,Halcyon Store,FR,Toulouse,FASH,BASIC,true,2021-02-26,2021-02-26 09:00:00
S0376,Kestrel Shop,FR,Toulouse,HOME,BASIC,true,2021-12-09,2021-12-09 09:00:00
S0377,Orbit Group,BE,Bruxelles,KIDS,BASIC,true,2023-01-06,2023-01-06 09:00:00
S0378,Alvora Group,FR,Rennes,HOME,PLUS,true,2021-01-30,2021-01-30 09:00:00
S0379,Zephyr Market,FR,Bordeaux,BOOK,PLUS,true,2021-04-01,2021-04-01 09:00:00
S0380,Windrow Market,DE,Munich,AUTO,PLUS,true,2022-08-05,2022-08-05 09:00:00
S0381,Rivage Store,BE,Liège,KIDS,BASIC,true,2023-11-29,2023-11-29 09:00:00
S0382,Solstice Distribution,IT,Rome,HOME,BASIC,true,2023-05-03,2023-05-03 09:00:00
S0383,Ivory Group,DE,Berlin,TECH,PREMIUM,true,2022-06-09,2022-06-09 09:00:00
S0384,Ivory Distribution,DE,Hambourg,AUTO,BASIC,true,2021-11-13,2021-11-13 09:00:00
S0385,Kestrel Distribution,ES,Valence,SPORT,BASIC,true,2022-08-11,2022-08-11 09:00:00
S0386,Delvia Group,IT,Rome,KIDS,BASIC,true,2022-01-10,2022-01-10 09:00:00
S0387,Meridian Group,ES,Madrid,AUTO,BASIC,true,2022-05-04,2022-05-04 09:00:00
S0388,Windrow Group,BE,Bruxelles,KIDS,PREMIUM,true,2024-11-03,2026-06-05 08:15:00
S0389,Quartz Market,FR,Rennes,KIDS,PREMIUM,true,2023-03-01,2023-03-01 09:00:00
S0390,Ursa Shop,FR,Nantes,HOME,PREMIUM,true,2024-09-15,2026-06-05 08:15:00
S0391,Ursa Group,ES,Madrid,AUTO,BASIC,true,2021-01-13,2021-01-13 09:00:00
S0392,Cirrus Market,FR,Marseille,BOOK,BASIC,true,2025-02-25,2025-02-25 09:00:00
S0393,Alvora Distribution,FR,Strasbourg,TECH,BASIC,true,2024-07-31,2024-07-31 09:00:00
S0394,Orbit Group,IT,Rome,AUTO,PLUS,true,2023-03-18,2023-03-18 09:00:00
S0395,Ursa Store,ES,Valence,SPORT,PLUS,true,2025-10-04,2025-10-04 09:00:00
S0396,Lumen Shop,DE,Berlin,HOME,PLUS,true,2025-06-23,2025-06-23 09:00:00
S0397,Meridian Group,DE,Berlin,AUTO,BASIC,true,2025-06-14,2025-06-14 09:00:00
S0398,Meridian Store,ES,Madrid,HOME,PLUS,true,2023-09-07,2023-09-07 09:00:00
S0399,Lumen Group,FR,Toulouse,BOOK,PLUS,true,2021-03-03,2021-03-03 09:00:00
S0400,Solstice Group,FR,Nantes,SPORT,PLUS,true,2023-12-15,2023-12-15 09:00:00
S0401,Orbit Group,FR,Bordeaux,KIDS,BASIC,true,2023-08-20,2023-08-20 09:00:00
S0402,Delvia Store,FR,Paris,TECH,BASIC,true,2021-01-26,2021-01-26 09:00:00
S0403,Ivory Shop,IT,Rome,SPORT,PLUS,true,2023-04-06,2023-04-06 09:00:00
S0404,Nordis Market,ES,Madrid,BOOK,BASIC,true,2024-04-15,2024-04-15 09:00:00
S0405,Ember Distribution,FR,Bordeaux,HOME,BASIC,true,2024-11-15,2026-06-05 08:15:00
S0406,Fjord Shop,FR,Nantes,BOOK,PLUS,true,2024-08-21,2024-08-21 09:00:00
S0407,Bexon Group,FR,Toulouse,HOME,BASIC,true,2023-09-27,2023-09-27 09:00:00
S0408,Ivory Market,BE,Liège,KIDS,BASIC,true,2025-05-29,2025-05-29 09:00:00
S0409,Meridian Distribution,ES,Madrid,HOME,PLUS,true,2022-03-27,2022-03-27 09:00:00
S0410,Zephyr Shop,ES,Barcelone,FASH,PREMIUM,true,2023-09-19,2023-09-19 09:00:00
S0411,Vertex Market,DE,Hambourg,AUTO,BASIC,true,2023-05-17,2023-05-17 09:00:00
S0412,Solstice Market,FR,Lyon,TECH,PLUS,true,2025-05-18,2025-05-18 09:00:00
S0413,Quartz Store,FR,Lille,FASH,BASIC,true,2022-11-04,2022-11-04 09:00:00
S0414,Ursa Store,FR,Rennes,KIDS,PLUS,true,2023-06-21,2023-06-21 09:00:00
S0415,Meridian Market,DE,Munich,AUTO,PREMIUM,true,2022-06-14,2022-06-14 09:00:00
S0416,Bexon Store,FR,Paris,HOME,BASIC,true,2022-12-11,2022-12-11 09:00:00
S0417,Solstice Store,FR,Paris,HOME,PLUS,true,2023-04-08,2023-04-08 09:00:00
S0418,Granit Group,FR,Paris,KIDS,BASIC,true,2024-02-25,2024-02-25 09:00:00
S0419,Granit Market,BE,Anvers,TECH,BASIC,true,2021-12-31,2021-12-31 09:00:00
S0420,Solstice Distribution,FR,Rennes,HOME,BASIC,true,2023-03-07,2023-03-07 09:00:00
S0421,Lumen Store,DE,Berlin,HOME,BASIC,true,2021-01-28,2021-01-28 09:00:00
S0422,Fjord Shop,BE,Bruxelles,FASH,BASIC,true,2022-06-04,2022-06-04 09:00:00
S0423,Zephyr Store,FR,Strasbourg,FASH,BASIC,true,2021-06-12,2021-06-12 09:00:00
S0424,Quartz Distribution,BE,Bruxelles,BEAU,BASIC,true,2021-01-11,2021-01-11 09:00:00
S0425,Meridian Group,FR,Rennes,KIDS,BASIC,true,2023-08-26,2026-06-05 08:15:00
S0426,Bexon Shop,FR,Bordeaux,BEAU,BASIC,true,2025-02-16,2025-02-16 09:00:00
S0427,Windrow Distribution,DE,Berlin,KIDS,PLUS,true,2023-07-12,2023-07-12 09:00:00
S0428,Fjord Shop,BE,Anvers,SPORT,PLUS,true,2023-01-07,2023-01-07 09:00:00
S0429,Orbit Group,FR,Nantes,BEAU,BASIC,true,2024-04-30,2024-04-30 09:00:00
S0430,Meridian Shop,BE,Anvers,KIDS,PLUS,true,2023-12-20,2023-12-20 09:00:00
S0431,Terra Store,FR,Bordeaux,BOOK,PREMIUM,true,2025-04-03,2025-04-03 09:00:00
S0432,Halcyon Group,BE,Anvers,SPORT,BASIC,true,2025-06-01,2026-06-05 08:15:00
S0433,Quartz Distribution,IT,Milan,BEAU,BASIC,true,2022-02-28,2022-02-28 09:00:00
S0434,Ursa Distribution,ES,Barcelone,BEAU,PLUS,true,2021-05-18,2021-05-18 09:00:00
S0435,Rivage Shop,FR,Nantes,TECH,PREMIUM,true,2021-05-02,2021-05-02 09:00:00
S0436,Bexon Shop,DE,Hambourg,AUTO,BASIC,true,2025-06-13,2025-06-13 09:00:00
S0437,Rivage Market,DE,Munich,TECH,BASIC,false,2023-07-04,2023-07-04 09:00:00
S0438,Fjord Distribution,ES,Valence,FASH,PLUS,true,2023-03-15,2023-03-15 09:00:00
S0439,Zephyr Shop,BE,Liège,TECH,PLUS,true,2021-12-15,2021-12-15 09:00:00
S0440,Terra Store,DE,Munich,FASH,BASIC,true,2025-07-31,2025-07-31 09:00:00
S0441,Lumen Group,DE,Hambourg,FASH,BASIC,true,2021-06-16,2021-06-16 09:00:00
S0442,Granit Shop,FR,Lille,TECH,BASIC,false,2024-04-15,2024-04-15 09:00:00
S0443,Solstice Shop,FR,Lille,BEAU,BASIC,true,2021-10-22,2021-10-22 09:00:00
S0444,Orbit Store,FR,Lille,FASH,PLUS,true,2024-04-02,2024-04-02 09:00:00
S0445,Granit Shop,IT,Milan,KIDS,PLUS,true,2023-07-17,2023-07-17 09:00:00
S0446,Rivage Group,DE,Hambourg,KIDS,BASIC,true,2021-06-11,2021-06-11 09:00:00
S0447,Windrow Distribution,ES,Barcelone,BEAU,BASIC,true,2024-05-16,2024-05-16 09:00:00
S0448,Juniper Shop,IT,Rome,AUTO,PREMIUM,true,2025-01-24,2025-01-24 09:00:00
S0449,Ursa Market,FR,Toulouse,HOME,BASIC,true,2021-03-03,2021-03-03 09:00:00
S0450,Bexon Group,FR,Paris,BOOK,BASIC,true,2025-02-26,2025-02-26 09:00:00
S0451,Kestrel Shop,IT,Milan,TECH,PREMIUM,true,2025-09-09,2025-09-09 09:00:00
S0452,Rivage Group,IT,Milan,HOME,PLUS,true,2023-10-12,2023-10-12 09:00:00
S0453,Juniper Distribution,BE,Bruxelles,FASH,PLUS,true,2021-12-30,2021-12-30 09:00:00
S0454,Delvia Group,FR,Bordeaux,FASH,BASIC,false,2024-01-03,2024-01-03 09:00:00
S0455,Kestrel Group,DE,Berlin,BEAU,BASIC,true,2021-01-18,2021-01-18 09:00:00
S0456,Windrow Store,BE,Bruxelles,FASH,PLUS,true,2021-02-20,2021-02-20 09:00:00
S0457,Pallas Group,ES,Madrid,KIDS,BASIC,true,2024-03-11,2024-03-11 09:00:00
S0458,Pallas Group,DE,Berlin,KIDS,PREMIUM,true,2022-10-19,2022-10-19 09:00:00
S0459,Juniper Store,DE,Berlin,TECH,PLUS,true,2022-01-31,2022-01-31 09:00:00
S0460,Zephyr Market,ES,Barcelone,BEAU,BASIC,true,2021-07-04,2021-07-04 09:00:00
S0461,Granit Shop,IT,Rome,KIDS,PLUS,true,2025-10-16,2025-10-16 09:00:00
S0462,Quartz Distribution,IT,Rome,BEAU,PREMIUM,true,2022-07-19,2022-07-19 09:00:00
S0463,Pallas Group,FR,Rennes,BEAU,PREMIUM,false,2024-12-30,2026-06-05 08:15:00
S0464,Kestrel Market,BE,Liège,AUTO,BASIC,true,2022-07-20,2022-07-20 09:00:00
S0465,Delvia Shop,BE,Anvers,FASH,PLUS,true,2024-09-29,2024-09-29 09:00:00
S0466,Zephyr Store,FR,Marseille,HOME,BASIC,true,2023-09-27,2023-09-27 09:00:00
S0467,Pallas Store,FR,Rennes,BOOK,PLUS,true,2023-06-12,2023-06-12 09:00:00
S0468,Delvia Distribution,FR,Strasbourg,TECH,PLUS,true,2021-12-16,2021-12-16 09:00:00
S0469,Delvia Distribution,FR,Marseille,FASH,BASIC,true,2023-09-10,2023-09-10 09:00:00
S0470,Cirrus Group,BE,Anvers,KIDS,PLUS,true,2022-06-11,2022-06-11 09:00:00
S0471,Pallas Market,BE,Liège,TECH,PREMIUM,true,2025-02-27,2025-02-27 09:00:00
S0472,Bexon Store,DE,Berlin,FASH,PREMIUM,true,2025-08-04,2025-08-04 09:00:00
S0473,Ivory Shop,FR,Bordeaux,BEAU,BASIC,false,2022-03-31,2022-03-31 09:00:00
S0474,Solstice Store,ES,Valence,SPORT,BASIC,true,2022-06-02,2022-06-02 09:00:00
S0475,Quartz Distribution,FR,Paris,HOME,PLUS,true,2022-11-21,2022-11-21 09:00:00
S0476,Terra Group,FR,Toulouse,BEAU,BASIC,true,2024-08-28,2026-06-05 08:15:00
S0477,Ivory Store,FR,Toulouse,KIDS,BASIC,true,2021-01-09,2021-01-09 09:00:00
S0478,Halcyon Distribution,DE,Berlin,SPORT,PREMIUM,true,2023-10-31,2026-06-05 08:15:00
S0479,Windrow Group,ES,Barcelone,SPORT,BASIC,true,2024-10-24,2024-10-24 09:00:00
S0480,Zephyr Store,FR,Strasbourg,KIDS,PREMIUM,true,2024-01-15,2024-01-15 09:00:00
S0481,Ember Group,FR,Lyon,TECH,BASIC,true,2024-09-27,2024-09-27 09:00:00
S0482,Terra Distribution,FR,Rennes,BEAU,BASIC,true,2025-05-31,2025-05-31 09:00:00
S0483,Ivory Distribution,FR,Lille,HOME,BASIC,true,2025-05-30,2025-05-30 09:00:00
S0484,Terra Distribution,DE,Hambourg,AUTO,PLUS,true,2024-12-23,2024-12-23 09:00:00
S0485,Ivory Store,FR,Marseille,FASH,BASIC,true,2023-04-21,2023-04-21 09:00:00
S0486,Lumen Store,FR,Lille,TECH,PLUS,true,2024-07-13,2024-07-13 09:00:00
S0487,Solstice Distribution,ES,Barcelone,HOME,PLUS,true,2023-03-17,2023-03-17 09:00:00
S0488,Ember Shop,FR,Strasbourg,BEAU,BASIC,true,2023-08-14,2023-08-14 09:00:00
S0489,Pallas Distribution,IT,Rome,BEAU,BASIC,true,2025-01-02,2025-01-02 09:00:00
S0490,Fjord Group,ES,Madrid,SPORT,BASIC,true,2022-03-21,2022-03-21 09:00:00
S0491,Juniper Store,DE,Berlin,FASH,BASIC,true,2022-12-07,2022-12-07 09:00:00
S0492,Terra Distribution,FR,Lille,KIDS,PLUS,true,2025-01-12,2025-01-12 09:00:00
S0493,Orbit Group,IT,Rome,BEAU,PREMIUM,true,2022-03-18,2022-03-18 09:00:00
S0494,Quartz Distribution,FR,Bordeaux,TECH,PLUS,true,2021-08-27,2021-08-27 09:00:00
S0495,Kestrel Store,FR,Strasbourg,TECH,BASIC,true,2021-06-26,2021-06-26 09:00:00
S0496,Cirrus Shop,DE,Berlin,BOOK,PLUS,true,2024-01-05,2024-01-05 09:00:00
S0497,Solstice Distribution,FR,Rennes,KIDS,PLUS,true,2022-11-29,2022-11-29 09:00:00
S0498,Windrow Shop,IT,Rome,KIDS,PLUS,true,2024-10-25,2024-10-25 09:00:00
S0499,Alvora Group,FR,Strasbourg,TECH,BASIC,true,2025-05-31,2025-05-31 09:00:00
S0500,Vertex Group,FR,Marseille,KIDS,BASIC,true,2021-02-08,2021-02-08 09:00:00
S0501,Vertex Store,FR,Lille,AUTO,PLUS,true,2023-06-17,2023-06-17 09:00:00
S0502,Fjord Shop,DE,Hambourg,SPORT,PREMIUM,true,2024-09-04,2026-06-05 08:15:00
S0503,Kestrel Group,ES,Madrid,AUTO,PREMIUM,true,2023-12-06,2026-06-05 08:15:00
S0504,Pallas Market,FR,Toulouse,BEAU,BASIC,true,2023-03-24,2023-03-24 09:00:00
S0505,Quartz Distribution,NL,Amsterdam,BEAU,PLUS,true,2022-04-29,2022-04-29 09:00:00
S0506,Solstice Store,FR,Toulouse,SPORT,BASIC,true,2024-02-03,2024-02-03 09:00:00
S0507,Granit Group,FR,Strasbourg,BEAU,PREMIUM,true,2021-04-21,2021-04-21 09:00:00
S0508,Quartz Store,IT,Milan,FASH,PLUS,true,2023-08-01,2023-08-01 09:00:00
S0509,Ursa Distribution,FR,Strasbourg,BOOK,BASIC,true,2022-04-07,2022-04-07 09:00:00
S0510,Ursa Group,FR,Lyon,KIDS,BASIC,true,2022-05-11,2022-05-11 09:00:00
S0511,Fjord Group,FR,Lille,TECH,BASIC,true,2025-07-19,2025-07-19 09:00:00
S0512,Orbit Group,FR,Paris,TECH,BASIC,true,2021-09-06,2021-09-06 09:00:00
S0513,Delvia Market,FR,Rennes,HOME,BASIC,true,2021-06-03,2021-06-03 09:00:00
S0514,Rivage Distribution,DE,Hambourg,HOME,BASIC,true,2023-05-26,2023-05-26 09:00:00
S0515,Fjord Shop,FR,Strasbourg,FASH,BASIC,true,2021-09-15,2021-09-15 09:00:00
S0516,Juniper Group,DE,Munich,HOME,PLUS,true,2022-12-30,2022-12-30 09:00:00
S0517,Bexon Distribution,FR,Toulouse,BOOK,BASIC,false,2021-10-13,2021-10-13 09:00:00
S0518,Halcyon Shop,NL,Amsterdam,HOME,BASIC,true,2023-04-14,2023-04-14 09:00:00
S0519,Ursa Group,BE,Bruxelles,HOME,PREMIUM,true,2022-12-18,2026-06-05 08:15:00
S0520,Kestrel Shop,IT,Milan,KIDS,BASIC,false,2025-01-06,2025-01-06 09:00:00
S0521,Terra Store,FR,Lyon,BEAU,PLUS,true,2021-01-01,2021-01-01 09:00:00
S0522,Terra Shop,FR,Marseille,HOME,PREMIUM,true,2025-06-22,2025-06-22 09:00:00
S0523,Vertex Shop,FR,Toulouse,FASH,BASIC,true,2021-04-26,2021-04-26 09:00:00
S0524,Orbit Store,FR,Rennes,SPORT,PLUS,true,2025-02-17,2026-06-05 08:15:00
S0525,Granit Store,FR,Lille,SPORT,PREMIUM,true,2022-03-23,2022-03-23 09:00:00
S0526,Kestrel Group,IT,Rome,BEAU,PREMIUM,true,2025-02-10,2025-02-10 09:00:00
S0527,Bexon Shop,DE,Munich,KIDS,PLUS,true,2024-12-12,2024-12-12 09:00:00
S0528,Lumen Shop,FR,Strasbourg,AUTO,BASIC,true,2025-09-10,2025-09-10 09:00:00
S0529,Lumen Distribution,FR,Toulouse,HOME,PREMIUM,true,2024-02-12,2026-06-05 08:15:00
S0530,Rivage Distribution,ES,Valence,TECH,PLUS,true,2022-03-04,2022-03-04 09:00:00
S0531,Windrow Market,IT,Rome,FASH,BASIC,true,2021-01-10,2021-01-10 09:00:00
S0532,Delvia Distribution,FR,Strasbourg,TECH,BASIC,false,2022-02-18,2022-02-18 09:00:00
S0533,Pallas Shop,NL,Amsterdam,BEAU,PLUS,true,2023-07-25,2023-07-25 09:00:00
S0534,Nordis Group,DE,Munich,KIDS,BASIC,true,2024-07-20,2024-07-20 09:00:00
S0535,Terra Distribution,DE,Berlin,HOME,BASIC,true,2025-06-20,2025-06-20 09:00:00
S0536,Meridian Group,FR,Paris,BEAU,PREMIUM,true,2022-08-21,2022-08-21 09:00:00
S0537,Delvia Shop,ES,Valence,TECH,PLUS,true,2024-07-11,2024-07-11 09:00:00
S0538,Halcyon Market,BE,Anvers,AUTO,BASIC,true,2022-02-11,2022-02-11 09:00:00
S0539,Pallas Store,DE,Munich,TECH,PLUS,true,2021-07-27,2021-07-27 09:00:00
S0540,Quartz Group,BE,Anvers,HOME,BASIC,true,2021-02-23,2021-02-23 09:00:00
S0541,Ember Store,ES,Valence,BEAU,BASIC,true,2021-08-17,2021-08-17 09:00:00
S0542,Bexon Shop,FR,Nantes,AUTO,BASIC,true,2022-05-28,2022-05-28 09:00:00
S0543,Vertex Market,FR,Rennes,KIDS,PREMIUM,true,2022-05-17,2022-05-17 09:00:00
S0544,Nordis Market,FR,Rennes,FASH,BASIC,true,2021-03-19,2021-03-19 09:00:00
S0545,Meridian Distribution,FR,Marseille,FASH,PLUS,true,2024-06-10,2024-06-10 09:00:00
S0546,Ursa Shop,BE,Anvers,SPORT,PLUS,true,2024-10-15,2026-06-05 08:15:00
S0547,Pallas Store,FR,Nantes,BOOK,PREMIUM,true,2025-10-03,2025-10-03 09:00:00
S0548,Solstice Group,FR,Paris,HOME,BASIC,true,2025-10-03,2025-10-03 09:00:00
S0549,Ursa Store,FR,Nantes,KIDS,PLUS,false,2022-02-12,2022-02-12 09:00:00
S0550,Pallas Store,FR,Nantes,TECH,PLUS,true,2022-02-26,2022-02-26 09:00:00
S0551,Nordis Distribution,FR,Lille,HOME,PREMIUM,true,2023-11-17,2023-11-17 09:00:00
S0552,Solstice Market,IT,Rome,BEAU,PLUS,true,2024-08-22,2024-08-22 09:00:00
S0553,Ivory Group,ES,Barcelone,AUTO,BASIC,true,2025-01-23,2025-01-23 09:00:00
S0554,Halcyon Distribution,DE,Hambourg,TECH,PREMIUM,true,2021-05-29,2021-05-29 09:00:00
S0555,Orbit Group,NL,Amsterdam,FASH,BASIC,true,2024-03-20,2024-03-20 09:00:00
S0556,Alvora Distribution,DE,Hambourg,HOME,PLUS,true,2024-06-02,2024-06-02 09:00:00
S0557,Bexon Store,FR,Lille,SPORT,BASIC,true,2023-12-29,2023-12-29 09:00:00
S0558,Zephyr Market,ES,Madrid,KIDS,BASIC,true,2024-04-11,2024-04-11 09:00:00
S0559,Granit Shop,FR,Lyon,BOOK,PLUS,true,2023-12-20,2023-12-20 09:00:00
S0560,Terra Market,NL,Amsterdam,SPORT,BASIC,true,2024-11-20,2024-11-20 09:00:00
S0561,Terra Distribution,BE,Bruxelles,KIDS,PLUS,true,2022-09-12,2022-09-12 09:00:00
S0562,Windrow Store,BE,Bruxelles,TECH,BASIC,false,2024-02-13,2024-02-13 09:00:00
S0563,Lumen Market,FR,Toulouse,FASH,PREMIUM,true,2024-09-24,2024-09-24 09:00:00
S0564,Meridian Group,ES,Madrid,HOME,PLUS,true,2021-08-19,2021-08-19 09:00:00
S0565,Quartz Market,FR,Strasbourg,FASH,BASIC,true,2024-08-29,2024-08-29 09:00:00
S0566,Delvia Group,FR,Rennes,SPORT,BASIC,true,2022-08-02,2022-08-02 09:00:00
S0567,Meridian Distribution,FR,Toulouse,TECH,BASIC,true,2025-06-30,2025-06-30 09:00:00
S0568,Pallas Distribution,FR,Lille,AUTO,BASIC,true,2023-02-24,2023-02-24 09:00:00
S0569,Delvia Store,IT,Rome,TECH,BASIC,true,2023-05-27,2023-05-27 09:00:00
S0570,Ember Distribution,ES,Barcelone,BOOK,PLUS,true,2022-12-13,2022-12-13 09:00:00
S0571,Quartz Store,FR,Marseille,AUTO,PREMIUM,true,2021-02-24,2026-06-05 08:15:00
S0572,Pallas Shop,DE,Munich,KIDS,BASIC,true,2024-05-03,2024-05-03 09:00:00
S0573,Bexon Shop,DE,Munich,HOME,PLUS,true,2025-01-07,2025-01-07 09:00:00
S0574,Zephyr Market,FR,Toulouse,BEAU,PLUS,true,2024-04-25,2024-04-25 09:00:00
S0575,Nordis Shop,BE,Liège,FASH,PLUS,true,2022-02-04,2022-02-04 09:00:00
S0576,Meridian Market,NL,Amsterdam,BEAU,PREMIUM,true,2021-01-23,2021-01-23 09:00:00
S0577,Ivory Market,FR,Strasbourg,BOOK,BASIC,true,2021-10-14,2021-10-14 09:00:00
S0578,Nordis Shop,IT,Rome,TECH,PREMIUM,true,2024-02-03,2024-02-03 09:00:00
S0579,Nordis Distribution,BE,Bruxelles,HOME,BASIC,true,2024-09-02,2024-09-02 09:00:00
S0580,Nordis Distribution,NL,Amsterdam,TECH,PLUS,true,2021-06-25,2021-06-25 09:00:00
S0581,Pallas Group,FR,Paris,TECH,BASIC,true,2025-03-04,2025-03-04 09:00:00
S0582,Quartz Distribution,IT,Milan,BEAU,PLUS,true,2025-01-28,2025-01-28 09:00:00
S0583,Lumen Market,FR,Toulouse,TECH,PREMIUM,true,2024-02-12,2024-02-12 09:00:00
S0584,Quartz Store,DE,Berlin,FASH,BASIC,true,2024-08-14,2024-08-14 09:00:00
S0585,Cirrus Distribution,ES,Valence,HOME,BASIC,true,2025-02-15,2025-02-15 09:00:00
S0586,Nordis Store,FR,Lyon,BOOK,BASIC,true,2024-07-15,2024-07-15 09:00:00
S0587,Halcyon Market,BE,Bruxelles,TECH,BASIC,true,2022-07-04,2022-07-04 09:00:00
S0588,Lumen Distribution,ES,Barcelone,BEAU,PLUS,true,2022-08-08,2022-08-08 09:00:00
S0589,Ursa Group,ES,Madrid,HOME,BASIC,true,2021-12-05,2021-12-05 09:00:00
S0590,Rivage Shop,ES,Valence,TECH,PLUS,true,2024-08-27,2024-08-27 09:00:00
S0591,Meridian Distribution,IT,Rome,KIDS,BASIC,true,2023-08-15,2023-08-15 09:00:00
S0592,Ivory Shop,BE,Anvers,HOME,PREMIUM,true,2024-06-26,2024-06-26 09:00:00
S0593,Cirrus Distribution,ES,Barcelone,AUTO,BASIC,true,2024-04-09,2024-04-09 09:00:00
S0594,Ivory Group,FR,Paris,KIDS,BASIC,false,2024-02-21,2024-02-21 09:00:00
S0595,Kestrel Market,BE,Liège,BEAU,BASIC,true,2025-03-02,2025-03-02 09:00:00
S0596,Halcyon Market,FR,Paris,FASH,PLUS,true,2024-09-27,2024-09-27 09:00:00
S0597,Bexon Distribution,FR,Paris,SPORT,BASIC,true,2025-04-11,2025-04-11 09:00:00
S0598,Lumen Distribution,NL,Amsterdam,BOOK,BASIC,true,2022-06-13,2022-06-13 09:00:00
S0599,Solstice Market,FR,Rennes,BEAU,BASIC,true,2024-09-17,2024-09-17 09:00:00
S0600,Granit Shop,IT,Rome,KIDS,BASIC,true,2025-01-24,2025-01-24 09:00:00
